,precision,recall,f1,total_real_pre,total_real_rec
classic,0.959748996510757,0.9802017431769384,0.9698675540015087,16,16
normal,0.8892791604506118,0.9584456321148447,0.9225678309822766,16,16
middle,0.8892791604506118,0.9678909240370692,0.9269212718046678,16,16
a1,0.8892791604506118,0.96875,0.9273150336107756,16,16
