,precision,recall,f1,total_real_pre,total_real_rec
classic,0.8945530195727307,0.8814910509135075,0.887974002925653,13,12
normal,0.8766939046291273,0.878530758950533,0.8776113706496788,13,12
middle,0.8766939046291273,0.9132310365314517,0.8945895605277646,13,12
a1,0.8766939046291273,1.0,0.9342961070706731,13,12
