,precision,recall,f1,total_real_pre,total_real_rec
classic,0.9631954065454579,0.9851554759715035,0.9740516841227606,8,8
normal,0.9631954065454579,0.9851554759715035,0.9740516841227606,8,8
middle,0.9631954065454579,0.9989373151164141,0.9807408262699475,8,8
a1,0.9631954065454579,1.0,0.9812527100808036,8,8
