,precision,recall,f1,total_real_pre,total_real_rec
classic,0.9356274253471408,0.9758713377285032,0.9553257421102054,14,14
normal,0.9261442807013369,0.9651020780058674,0.9452219333805872,14,14
middle,0.9261442807013369,0.9737453324463956,0.949348492948181,14,14
a1,0.9261442807013369,1.0,0.9616561853446559,14,14
