,precision,recall,f1,total_real_pre,total_real_rec
classic,0.9644735434914637,0.9660323027661095,0.9652522938298698,16,16
normal,0.9450488584909293,0.9150410926736492,0.9298029265327846,16,16
middle,0.9450488584909293,0.933209031777293,0.9390916282413312,16,16
a1,0.9450488584909293,0.9375,0.9412592941098588,16,16
