,precision,recall,f1,total_real_pre,total_real_rec
classic,0.8200326359909057,0.8448329576759502,0.8322480804340917,13,11
normal,0.8206202796274968,0.8452447730007996,0.8327505290770565,13,11
middle,0.8206202796274968,0.8826852840682512,0.8505220203279408,13,11
a1,0.8206202796274968,1.0,0.9014732932617863,13,11
