,precision,recall,f1,total_real_pre,total_real_rec
classic,0.9343994023136597,0.9493965990734025,0.941838303170422,14,14
normal,0.9280402026878166,0.9493965990734025,0.9385969332322311,14,14
middle,0.9280402026878166,0.9714435073280077,0.9492459710885723,14,14
a1,0.9280402026878166,1.0,0.9626772319312292,14,14
