,precision,recall,f1,total_real_pre,total_real_rec
classic,0.8450472734290915,0.5798459170434124,0.6877669350697655,8,12
normal,0.7239554687189628,0.5798459170434124,0.6439364572579892,8,12
middle,0.7239554687189628,0.5831500400240547,0.6459687572812421,8,12
a1,0.7239554687189628,0.5833333333333334,0.6460811965799039,8,12
