,precision,recall,f1,total_real_pre,total_real_rec
classic,0.7937076721907868,0.34127478495369834,0.47731559803047907,13,20
normal,0.6497334909383815,0.09335660294179085,0.1632558744385561,13,20
middle,0.6497334909383815,0.09559747652451976,0.16667194805713706,13,20
a1,0.6497334909383815,0.65,0.6498667181454816,13,20
