,precision,recall,f1,total_real_pre,total_real_rec
classic,0.8900749705759041,0.7295186351019671,0.8018385296121067,14,17
normal,0.632420089883362,0.3655988293913258,0.46334200700914163,14,17
middle,0.632420089883362,0.3707638610443287,0.4674686314714734,14,17
a1,0.632420089883362,0.8235294117647058,0.7154321547832354,14,17
