,precision,recall,f1,total_real_pre,total_real_rec
classic,0.8761213842035123,0.7455233504816628,0.8055635563196774,16,20
normal,0.6700647610542135,0.6652677740987606,0.6676576513392409,16,20
middle,0.6700647610542135,0.6996949283921177,0.6845593699627983,16,20
a1,0.6700647610542135,0.8,0.7292900599276417,16,20
