,precision,recall,f1,total_real_pre,total_real_rec
classic,0.9915760850077863,0.508679769397393,0.6724115660414638,8,15
normal,0.8697270202239389,0.44414821170099855,0.588012759985675,8,15
middle,0.8697270202239389,0.464152250207202,0.6052807963234413,8,15
a1,0.8697270202239389,0.5333333333333333,0.6612037887180829,8,15
